{"cameraMode":{"drawMode":0,"name":"Shaded","section":"Shading Mode"},"sceneLighting":true,"audioPlay":false,"sceneViewState":{"m_AlwaysRefresh":false,"showFog":true,"showSkybox":true,"showFlares":true,"showImageEffects":true,"showParticleSystems":true,"showVisualEffectGraphs":true,"m_FxEnabled":false},"in2DMode":false,"pivot":{"x":1.711280345916748,"y":27.555959701538087,"z":-20.51630973815918},"rotation":{"x":0.4172511100769043,"y":-0.03833450749516487,"z":0.01760059781372547,"w":0.9078541994094849},"size":0.03207823261618614,"orthographic":false}