{"cameraMode":{"drawMode":0,"name":"Shaded","section":"Shading Mode"},"sceneLighting":true,"audioPlay":false,"sceneViewState":{"m_AlwaysRefresh":false,"showFog":true,"showSkybox":true,"showFlares":true,"showImageEffects":true,"showParticleSystems":true,"showVisualEffectGraphs":true,"m_FxEnabled":false},"in2DMode":false,"pivot":{"x":34.470314025878909,"y":57.43278121948242,"z":14.154685974121094},"rotation":{"x":0.18423530459403993,"y":-0.6253913640975952,"z":0.15523919463157655,"w":0.7422033548355103},"size":12.124354362487793,"orthographic":false}