{"cameraMode":{"drawMode":0,"name":"Shaded","section":"Shading Mode"},"sceneLighting":true,"audioPlay":false,"sceneViewState":{"m_AlwaysRefresh":false,"showFog":true,"showSkybox":true,"showFlares":true,"showImageEffects":true,"showParticleSystems":true,"showVisualEffectGraphs":true,"m_FxEnabled":false},"in2DMode":false,"pivot":{"x":-3.227262258529663,"y":4.675058841705322,"z":-5.0918192863464359},"rotation":{"x":0.3432527184486389,"y":0.06736220419406891,"z":-0.024701161310076715,"w":0.9365395307540894},"size":0.021625684574246408,"orthographic":false}